title,artist
Mask Off,Future
Redbone,Childish Gambino
Xanny Family,Future
Master Of None,Beach House
Parallel Lines,Junior Boys
Sneakin’,Drake
Childs Play,Drake
Gyöngyhajú lány,Omega
I've Seen Footage,Death Grips
Digital Animal,Honey Claws
Subways - In Flagranti Extended Edit,The Avalanches
Donme Dolap - Baris K Edit,Modern Folk Üçlüsü
Cemalim,Erkin Koray
One Night,Lil Yachty
Oh lala,PNL
Char,Crystal Castles
World In Motion,New Order
One Nation Under a Groove,Funkadelic
Bouncin,Chief Keef
C O O L - Radio Edit,Le Youth
Percolator (Jamie Jones Vault Mix) - mixed,Cajmere
House of Jealous Lovers,The Rapture
Imma Ride,Young Thug
Girlfriend,Ty Segall
If I Gave You My Love,Myron & E
This Ready Flesh,TR/ST
Lose My Mind,A-Trak
Char,Crystal Castles
Look Alive,Rae Sremmurd
Please Stop Making Fake Versace,Father
Milly Rock,2milly
Blasé (feat. Future & Rae Sremmurd),Ty Dolla $ign
Best Friend,Young Thug
Hercules,Young Thug
Who Be Lovin Me (feat. ILOVEMAKONNEN),Santigold
Check,Young Thug
Poppin' My Collar,Three 6 Mafia
Jumpman,Drake
7/11,Beyoncé
Somebody's Watching Me,Rockwell
Bang That,Disclosure
I Don't Sell Molly No More,ILoveMakonnen
Versace Python,Riff Raff
Monster,Kanye West
OOOUUU,Young M.A.
Return Of The Mack - C & J Street Mix,Mark Morrison
Fantastic Man,William Onyeabor
Right Place Wrong Time,Dr. John
Azon de ma gnin kpevi,T. P. Orchestre Poly-Rythmo
Odofo Nyi Akyiri Biara,Ebo Taylor
Annie,Neon Indian
The Chase,Future Islands
Coming Home,Leon Bridges
Wishes,Beach House
White Iverson,Post Malone
I Know There's Gonna Be (Good Times),Jamie xx
Loud Places,Jamie xx
L$D,A$AP Rocky
Dopeman,Vince Staples
California Nights,Best Coast
Baby,Ariel Pink's Haunted Graffiti
Ain't No Love In The Heart Of The City - Single Version,"Bobby ""Blue"" Bland"
Fail to Cry,Yacht Club
Evil Friends (feat. Danny Brown) - Jake One Remix,Portugal. The Man
Ikimiz Bir Fidaniz - Baris K Edit,Umit Aksu Orkestrasi
Sentimental Trash,Sweet Valley
Get Away,CHVRCHES
Look At Wrist,Father
Our Love,Caribou
I Ain't Trippin off Nothin,Ezale
They Don't Know - Original Mix,Disciples
Sabali,Amadou & Mariam
Spooky,Dusty Springfield
Pick Up The Pieces,Average White Band
Have Love Will Travel,The Sonics
Capitol,TR/ST
Uncast Shadow Of A Southern Myth,Parquet Courts
I Shall Be Released - Remastered,Nina Simone
Words I Don't Remember,How To Dress Well
To The Top,Twin Shadow
Them Changes (feat. Flying Lotus & Kamasi Washington),Thundercat
Aquafina (feat. GoldLink & Chaz French),Falcons
Hot Blur,How Sad
Summer Madness,Kool & The Gang
The Payback,James Brown
I'm In Love,Fool's Gold
I Need You Tonight,Punkin Machine
Everybody Likes Something Good,Ify Jerry Crusade
Dadje Von O Von Non,Gnonnas Pédro
Sugah Daddy,D'Angelo
International Players Anthem,Swishahouse
Swerve,ILoveMakonnen
Look At Wrist,Father
Let It Happen,Tame Impala
My Way (feat. Monty),Fetty Wap
Walk,Kwabs
The Magnificent Seven - Remastered,The Clash
NOBO,Tijuana Panthers
The Gaudy Side of Town,Gayngs
U Mad,Vic Mensa
Slumlord,Neon Indian
Leave A Trace,CHVRCHES
Willing & Able,Disclosure
White Girl,Shy Glizzy
Maneuvering,ILoveMakonnen
Be My Baby,The Ronettes
Why Don't They Let Us Fall in Love,The Ronettes
Will You Love Me Tomorrow,The Shirelles
One Fine Day,The Chiffons
He's So Fine - 2000 Digital Remaster,The Chiffons
Then He Kissed Me,The Crystals
It's My Party,Lesley Gore
Please Mr. Postman,The Marvelettes
Fiesta - Remix,Bomba Estéreo
Queen's Speech 4,Lady Leshurr
I Know There's Gonna Be (Good Times),Jamie xx
With That (feat. Duke),Young Thug
Hotline Bling,Drake
679 (feat. Remy Boyz),Fetty Wap
Trap Queen,Fetty Wap
No Type,Rae Sremmurd
Chasing Heaven,Bassnectar
Speakerbox (feat. Lafa Taylor),Bassnectar
Movin' Bass - GTA Remix,Rick Ross
Danger and Dread,Brown Bird
Midnight City,M83
Water No Get Enemy - Edit,Fela Kuti
Pyramids,Frank Ocean
Hercules Theme,Hercules & Love Affair
Rewind,Kelela
My Sub (Pt. 2: The Jackin') - Album Version (Edited),Big K.R.I.T.
Kush,Lil Wayne
9,Willow
Magnets,Disclosure
Don't Move,Phantogram
Pussy,Brazilian Girls
Black Mags,The Cool Kids
Stay Fly - Explicit Album Version,Three 6 Mafia
Sippin On Some Syrup,Three 6 Mafia
Poppin' My Collar - feat. Project Pat - Explicit,Three 6 Mafia
Sittin' Sidewayz - feat. Big Pokey Explicit,Paul Wall
Gold and a Pager,The Cool Kids
Smell Yo D*ck,Riskay
Don't Wanna Lose,Ex Hex
Endless Rhythm,Baio
Demon,Shamir
Nothing Ever Happened,Deerhunter
Oh My Darling Don't Meow (Just Blaze Remix),Run The Jewels
River,Ibeyi
The Buzz (feat. Mataya & Young Tapz),Hermitude
All Day,Kanye West
Blood On the Money,Future
River,Leon Bridges
Trust Me Danny,ILoveMakonnen
Big Rings,Drake
Annie,Neon Indian
Acamar,Frankey
Alright,Kendrick Lamar
Know Yourself,Drake
Deicide,Crystal Castles
Coming Home,Leon Bridges
Hercules Theme 2014,Hercules & Love Affair
Forever,Majid Jordan
Next to You,Poolside
Papi Pacify,FKA twigs
Magnolia,Young & Sick
Dark Matter,Feathers
Callie (feat. Vic Mensa),Donnie Trumpet
Wu-Tang Forever,Drake
Fame (2007 Remastered),David Bowie
We Dem Boyz,Wiz Khalifa
Ego Free Sex Free,Autre Ne Veut
Her Fantasy,Matthew Dear
Little People (Black City),Matthew Dear
Confess To Me,Disclosure
Let Me Show You Love,Cut Copy
New Slaves,Kanye West
Sexy Socialite,Chromeo
Okay,Holy Ghost!
Weight,Mikal Cronin
When A Fire Starts To Burn,Disclosure
When A Fire Starts To Burn - Midland Remix,Disclosure
Fake Tales Of San Francisco,Arctic Monkeys
Billie Holiday,Warpaint
Goody Two Shoes,Duck Sauce
The Wire,HAIM
Awake,Tycho
Man I Need,Jagwar Ma
N.O. Bounce,Big Freedia
Now Is Not The Time,CHVRCHES
No Rest For The Wicked,Lykke Li
Holdin On,Flume
Rocking Chair,The Districts
Marriage,Gold Panda
Ride On / Right On,Phosphorescent
GodLovesUgly,Atmosphere
New York City,Christopher Owens
Moving to the Left,Woods
All These Things That I've Done,The Killers
Junk of the Heart (Happy),The Kooks
When The Night Falls - feat. Solange Knowles,Chromeo
Mercy,Kanye West
Don't You Evah,Spoon
We Exist,Arcade Fire
Le Goudron (Edit),YACHT
Double Bubble Trouble,M.I.A.
Careless,Dusky
Look at You,George McCrae
How Did I Get Here,ODESZA
Black Out Days,Phantogram
Bang! Bang!,Joe Cuba
Every 1's A Winner - Single Version,Hot Chocolate
Unbound,Cathedrals
Operate,ASTR
Blood On The Leaves,Kanye West
Come Save Me,Jagwar Ma
Hannah Montana,Migos
High School Lover,Cayucas
They Come in Gold,Shabazz Palaces
Tides of Neptune,Virgo
Cocaine Model,ZHU
Light House,Future Islands
Pass The Dutchie,Musical Youth
Words I Don't Remember,How To Dress Well
I Would Die 4 U,Prince
Bless My Soul,Nightmares On Wax
Heaven And Hell Is On Earth,20th Century Steel Band
Upper Echelon,Travis Scott
Flying High (Part 1),Cloud One
Go,Grimes
Spill The Wine,Eric Burdon
Got To Give It Up (Part 1),Marvin Gaye
Never Gonna Give You Up,Barry White
Sanctified,Rick Ross
It #1,Ty Segall
Dangerous (feat. Joywave),Big Data
Counting,Autre Ne Veut
You're the Best,Wet
Estrelar,Marcos Valle
Hold On We're Going Home,ASTR
Uncle ACE,Blood Orange
San Francisco,Foxygen
Stay High - Habits Remix,Tove Lo
Crosstown Traffic,Jimi Hendrix
Ziggy Starfish (Anxiety Raps) [feat. Gold Panda],Open Mike Eagle
Marijuana,Chrome Sparks
Crown Violet - Bonus Track,Azizi Gibson
Glad I Met You,D. Gookin
Dancing In The Rain,Blu
You Know I'm No Good - Ghostface UK Version,Amy Winehouse
Kill V. Maim,Grimes
Life Round Here,James Blake
Sitting Pretty (feat. Wiz Khalifa),Ty Dolla $ign
"Glyde 2nyte (feat. Leon Sylvers III, Leon Sylvers IV)",Dâm-Funk
Clouds Over the Pacific,James Pants
Distant Land,Madlib
Flashlight,Parliament
Can You Get To That,Funkadelic
Better,Banks
Pony,Pretty Sister
WTF (Where They From) [feat. Pharrell Williams],Missy Elliott
Again,Fetty Wap
Exchange,Bryson Tiller
Sugar for the Queen,Bells Atlas
Symphony of the Nymph,Ariel Pink's Haunted Graffiti
Cool It Now,New Edition
Jumpin' Jack Flash,Ananda Shankar
River,Ibeyi
You Know You Like It - Bondax Remix,AlunaGeorge
Batuque (Jeremy Sole & Atropolis Remix),Dom La Nena
Mykonos (feat. Fleet Foxes),Rhythms Del Mundo
So Destroyed (channeling Rage Peace),Prince Rama
Bitch,Allie X
Locket,Kilo Kish
Apathy,Shlohmo
It All Feels Right,Washed Out
Last Chance to Dance,Ekkah
The Righteous One,The Orwells
The New International Sound,GENER8ION
Like Lust,MOVEMENT
Rhythm of Devotion,Sisyphus
Zion Gate Dub,King Tubby
Enjoy The Silence - Remastered Version Original,Depeche Mode
Fried Neck Bones And Some Home Fries - Dan The Automator Remix,Willie Bobo
Archangel,Burial
"Lone Wolf and Cub (feat. Herbie Hancock, Flying Lotus, Miguel Atwood-Ferguson & Mono/poly)",Thundercat
Skyscraper,Elephant
I Want You - Single Version,Marvin Gaye
"The New International Sound, Pt. 2 (feat. M.I.A.)",GENER8ION
Suede (feat. Anderson Paak & Knxwledge),NxWorries
Bam Bam,Sister Nancy
Alright,Logic
Rainy Streets,Blue In Green
Hazelton Trump,OB OBrien
Free Stress Test,Professor Murder
I'm Ya Dogg,Snoop Dogg
Hot Dreams,Timber Timbre
The Hills,The Weeknd
"When They Fight, They Fight",Generationals
The River,Son Little
Rill Rill,Sleigh Bells
Awake,Santé
Johnny Was,Bob Marley & The Wailers
Monster Mash,"Bobby ""Boris"" Pickett"
Night on Bald Mountain,Modest Mussorgsky
Feel The Volume,Jauz
Water Me (feat. Leon Ware),Theophilus London
Kathy Lee,Jessy Lanza
Love Buzz,Shocking Blue
Beautiful Life (feat. Action Bronson & Joey Bada$$),Statik Selektah
Auditorium,Mos Def
Disco Devil,"Lee ""Scratch"" Perry"
Frontier Psychiatrist,The Avalanches
Had Ten Dollaz,Cherry Glazerr
Sometimes,Heems
VHS Sex,Com Truise
Ambling Alp,Yeasayer
All Day And All Of The Night,The Kinks
Strychnine,The Sonics
Who Is He (And What Is He to You?),Bill Withers
Acamar,Frankey
It Looks Like Love,Goody Goody
Freak Connection - Edit,Cerrone
"I'll Be Good - 12"" Mix",Rene & Angela
Here I Come (Broader Than Broadway),Barrington Levy
Swords,M.I.A.
Hands On The Wheel,ScHoolboy Q
Kush High,Eighty4 Fly
Métele,Buscabulla
What I Might Do,Ben Pearce
Atomic Bomb,William Onyeabor
World Restart,Kindness
Swingin' Party,Kindness
Antidote,Travis Scott
Pieces,Tanlines
Zombie,Fela Kuti
Time-Out,Terror Train
Let's Lovedance Tonight - Danny Krivit Re-edit - Dk Re-Edit,Gary's Gang
I'm a Dildo,No Parents
Do It (High School Dropout),Tayyib Ali
Cadillac Girl,Only Real
Today,Tom Scott
"The Buzz (feat. Big K.R.I.T., Mataya & Young Tapz) - Bonus Track",Hermitude
I Choose You,Willie Hutch
The Way You’d Love Her,Mac Demarco
Shooting Stars,Bag Raiders
Bloom - Lane 8 Remix,ODESZA
Pacifier,Young Thug
Powerful,Major Lazer
Unbreakable,Janet Jackson
It's Strange (feat. K.Flay),Louis The Child
Make Them Gold,CHVRCHES
Don't Mean A Thing,Lapalux
White Lies - The Soundmen Remix,Max Frost
Sophia So Far,Goodnight Radio
Nimble Girl,Hotel Eden
Grinder,Gary Clark Jr.
Choices (Yup),E-40
Two Brothers,Hanni El Khatib
Walkabout (W/ Noah Lennox),Atlas Sound
Ferus Gallery,Allah-Las
Everybody Loves The Sunshine,Roy Ayers Ubiquity
Number One,Tuxedo
Sick Beat,Kero Kero Bonito
She a Go (feat. Spinn & Taso),DJ Rashad
Lost You,Zeds Dead
Norf Norf,Vince Staples
Eleven 11: / 11,Rob Curly
Buffalo,Toro y Moi
Talk About,Les Sins
Probably Nu It,Tree
Mamacita,Travis Scott
Star,Gary Clark Jr.
Gooey,Glass Animals
Walk On By - Single Version,Isaac Hayes
Omen - Radio Edit,Disclosure
Champagne Coast,Blood Orange
Running Back To You,The Juan Maclean
BKNY,Fat Tony
Pains,Silk Rhodes
Night Drive,Part Time
"Flex (Ooh, Ooh, Ooh)",Rich Homie Quan
Indian Food,Dumbo Gets Mad
Childs Play (feat. Chance the Rapper),SZA
Lets Start the Dance,Bohannon
Rollerskate,Matias Aguayo
Outro,M83
Grindin’ My Whole Life,HS87
Slyd,!!!
The Moment,Tame Impala
R.I.C.O. (feat. Drake),Meek Mill
Black And White,Parquet Courts
Never Never Gonna Give Ya Up,Barry White
Wait & See,Holy Ghost!
Wait for a Minute,tUnE-yArDs
5ft7,Tonstartssbandht
200 Press,James Blake
Huarache Lights,Hot Chip
Leave House,Caribou
"Sweet Power, Your Embrace",James Mason
Hunger Of The Pine,alt-J
Money Money,Horace Andy
Symptom - Original Mix,Deapmash
I'll Do a Little Bit More,The Olympics
Who Is He And What Is He To You,Creative Source
Bustin' Loose,Chuck Brown and the Soul Searchers
I Wish,Stevie Wonder
Baby,Donnie & Joe Emerson
More Bounce To The Ounce,Zapp
Outlaw,War
Walking Into Sunshine,Central Line
Pyramids,Frank Ocean
Lazuli,Beach House
Oblivion,Grimes
Obedear,Purity Ring
Flutes,Hot Chip
Club Rez,Girl Unit
Cry Like A Ghost,Passion Pit
Chained,The xx
Disparate Youth,Santigold
Cheap Beer,FIDLAR
Swimming Pools (Drank) - Extended Version,Kendrick Lamar
Origins,Tennis
Affection,Crystal Castles
Comeback Kid,Sleigh Bells
Losing You,Solange
Grown Up,Danny Brown
"It's Not My Fault, I'm Happy",Passion Pit
How Deep Is Your Love?,The Rapture
Are you... Can you... Were you? (Felt),Shabazz Palaces
Second Song,TV On The Radio
Mornin',Star Slinger
Before,Washed Out
Midnight City,M83
Lonely Boy,The Black Keys
Caffeinated Consciousness,TV On The Radio
Wild Window,Fool's Gold
Polish Girl,Neon Indian
Calgary,Bon Iver
Civilization,Justice
Headlines,Drake
Michael Jackson,Das Racist
Need You Now,Cut Copy
Abducted,Cults
Gucci Gucci,Kreayshawn
Eyes Be Closed,Washed Out
Echoes,Washed Out
The Daily Mail,Radiohead
Civilization,Justice
Punch Drunk Love,Teams vs. Star Slinger
Principles,Benoit & Sergio
Slow Peels,Com Truise
Dead Wrong,Hanni El Khatib
Do It Roger,Zapp
Pharaohs (feat. Roses Gabor),SBTRKT
No Fun,The Stooges
Computer Love,Zapp
Dutchie Courage,Star Slinger
Osaka Loop Line,Discovery
White Horse,Laid Back
Abataka - Original Mix,Ida Engberg
Danger! High Voltage (Soulchild Radio Mix),Electric Six
Say Please,Teams vs. Star Slinger
You Don't Love Me (No No No),Dawn Penn
The Yes Strut,Teams vs. Star Slinger
86 Carrot Gold,Teams vs. Star Slinger
Close to Me,Teams vs. Star Slinger
How Do You See Me Now,Zdar
See Me Now,Cassius
Every Freakin' - DJ Ayres remix,DJ Eleven
Dance Our Way,DJ Eleven
Flashing Lights,DJ Ayres
The Daily Mail,Radiohead
Bizness,tUnE-yArDs
Long Heels Red Bottoms,Trina
I Wanna Be Your Dog,The Stooges
Jealousy,Martin Solveig
Embody,Sebastian
Love In Motion - feat. Mayer Hawthorne,Sebastian
Save the World,Swedish House Mafia
Myth,Beach House
Ready 2 Go,Martin Solveig
We Are Young - The Popopopops Remix,Juveniles
Bop Gun (One Nation) - Radio Edit,Ice Cube
La Funky,Destructo feat. Oliver
In My Mind (Axwell Remix),Ivan Gough & Feenixpawl feat. Georgi Kay
On'n'On - Ruined by Rick Rubin,Justice
Don't Die,Killer Mike
Van Vogue,Azealia Banks
How Do You Do?,Hot Chip
Night And Day,Hot Chip
Don't Deny Your Heart,Hot Chip
Focused - feat. Kid Cudi,Wale
Neptune,Lemonade
"Function - feat. YG, IAmSu & Problem",E-40
Didn't You,Cloud Nothings
Search Party,Small Black
Mi Swing es Tropical,Nickodemus
Stock Exchange,Miss Kittin
Changes,Crazy P
Play This (Also),J Rocc
Obedear,Purity Ring
Slow Down,Poolside
I Don't Like,Chief Keef
Sleeping Ute,Grizzly Bear
Hands On the Wheel (feat. a$Ap Rocky),ScHoolboy Q
The Kids Were Wrong,Memoryhouse
Walk With Me,Memoryhouse
Her Fantasy,Matthew Dear
Der Kommissar,After The Fire
Slow Down,Clyde Carson
Genesis,Grimes
About to Die,Dirty Projectors
Best Night,The War On Drugs
Brothers,The War On Drugs
We Own The Sky,M83
Chicken Half,Sugarman Three
Two Of Hearts,Stacey Q
The Perfect Kiss,New Order
Can I Kick It?,A Tribe Called Quest
Sure Thing,Miguel
Kim & Jessie,M83
Outro,M83
We Are the People,Empire of the Sun
Look At Where We Are,Hot Chip
Don't Owe You a Thang,Gary Clark Jr.
Money Trees,Kendrick Lamar
Hood Pass Intact feat. MC Eiht,Dâm-Funk
Got No Money,FIDLAR
Birthday Song,2 Chainz
Oh,FIDLAR
No Waves,FIDLAR
Wake Bake Skate,FIDLAR
No Ass,FIDLAR
Black Out Stout,FIDLAR
Plague,Crystal Castles
Kerosene,Crystal Castles
Wrath Of God,Crystal Castles
Pale Flesh,Crystal Castles
Past Lives,DIIV
Pictures Of Matchstick Men,Status Quo
Get Up,Craig Bratley
Cloud Atlas End Title,Tom Tykwer
Keep You,Wild Belle
Anything New,Bibio
Adorn,Miguel
Louie Louie,Toots & The Maytals
Under Mi Sensi,Barrington Levy
Loner,Burial
Murderer,Barrington Levy
Space Cakes - Original,Tanner Ross
"There, There",Radiohead
Nightcall,Kavinsky
Jacket & Tie,Toyan
Doom And Gloom - Jeff Bhasker Mix,The Rolling Stones
All Of Me,Tanlines
Females Welcomed (feat. Reija Lee),Trinidad James
Blueberry (Pills & Cocaine) (feat. Danny Brown),Darq E Freaker
Max Can't Surf,FIDLAR
Wait for the Man,FIDLAR
Inspector Norse,Todd Terje
Love Sosa,Chief Keef
This Time Around,Softwar
See Blind Through,Canyons
Vowels = space and time,Grimes
Be A Body,Grimes
Unchained (The Payback / Untouchable),James Brown
Stomp - Dirty,5kinAndBone5
Borrowed Time,Parquet Courts
Young N*****,Gucci Mane
All Gold Everything,Trinidad James
What I Might Do - Club Mix,Ben Pearce
I Love It (feat. Charli XCX) - Original Version,Icona Pop
Kenosha,Swearin'
Fineshrine,Purity Ring
Flow,Disclosure
C'Est La Vie,Booba
Caramel,Booba
O.G,Booba
HLM 3,Lunatic
The Mighty Ming - Original Club Mix,Funkagenda
Harlem Shake,Baauer
Purp Walk,Lunice
Do You Like It? (Feat. Kool A.D),Chaz Van Queen
Gucci On The Rise,Gucci Mane
Hate Bein' Sober,Chief Keef
Traffic,Lil Reese
Hold Me Back,Rick Ross
Oldie,Odd Future
Started From the Bottom,Drake
Dum Dum,Baauer
Higher - Extended,Just Blaze and Baauer
"Gone, Gone",Juicy J
Rock Creek Park,The Blackbyrds
Leaving Babylon,Bad Brains
Trap Shit V7,UZ
Good Life - Original 12'' Mix,Inner City
Big Fun - Original 12'' Mix,Inner City
Piss Test (feat. Juicy J & Dany Brown),A-Trak
Can't Seem To Make You Mine,Sky Saxon & The Seeds
Borderline,Classixx
Elevate - Q45 Remix,Toni Toni Lee
With You (feat. Alexis Taylor),Carte Blanche (feat. Alexis Taylor)
Can't Shake This Feeling,Grum
Check Me Out Like,Blaqstarr
Second Summer,YACHT
Demon To Lean On,Wavves
Walk In The Park,Beach House
Reckless (With Your Love),Azari & III
Reckless (With Your Love) - Tensnake Remix,Azari & III
Never Be Your Woman (Shy FX Radio Edit) [feat. Emeli Sandé],Wiley
(Bonus) Break Her Down,Iamsu!
Molly Ringwald,Danny Brown
8 Feet Tall,Problem
36 Chamber Flow,Flatbush Zombies
Trill Hoe,Western Tink
Saturday Love,Toro y Moi
Sweater Weather,The Neighbourhood
Oh My - Club Mix,The Partysquad
Saltkin,Purity Ring
Lofticries,Purity Ring
Get It In,Iamsu!
My Bad - Club Mix,The Partysquad
I'm Different,2 Chainz
Get Lucky - Radio Edit,Daft Punk
Had A Dream,EMP DASME
Recover,CHVRCHES
Now Is Not the Time,CHVRCHES
MDA,Problem
Pop That,French Montana
Young & Gettin' It - feat. Kirko Bangz,Meek Mill
Best Wishes,Iamsu!
Kids,Iamsu!
Levitate,Paper Diamond
Get Free (feat. Amber of Dirty Projectors),Major Lazer
Balance,Future Islands
The Lion - Original Mix,The Partysquad
For Your Love - Club Edit,The Partysquad
For Your Love - Olav Basoski Remix,The Partysquad
Slippin’,Quadron
Take You On,Peaches
One of Those Nights,Juicy J
Get Lucky - Daft Punk Remix,Daft Punk
No Way Back,Adonis
Ride The Rhythm,On The House featuring Marshall Jefferson
Move Your Body - Extended Mix,Benny Benassi
Rockin' In The Free World,Neil Young
Feels Like We Only Go Backwards,Tame Impala
Half Full Glass of Wine,Tame Impala
"Bubble Butt [Radio Mix] [feat. Bruno Mars, 2 Chainz, Tyga & Mystic]",Major Lazer
Wop (Official Version),J. Dash
Don’t Drop That Thun Thun,Finatticz
Give It Away,Red Hot Chili Peppers
Wakin on a Pretty Day,Kurt Vile
Hulk (Dillon Francis Remix),Clockwork
Dill the Noise,Dillon Francis and Kill The Noise
Dead Sound,The Raveonettes
Rvtchet Bitch,Brillz & Teddy Tuxedo
Swing,Savage
You & Me - Baauer Remix,Disclosure
Next Order,Dog Blood
It's You,Duck Sauce
m.A.A.d city,Kendrick Lamar
Bounce It,Juicy J
Pu$$y Magnet (feat. Keayshawn),Roach Gigz
Fashion Killa,A$AP Rocky
I Wanna Be With You,DJ Khaled
Gas Pedal (feat. IamSu),Sage The Gemini
Red Nose,Sage The Gemini
"U.O.E.N.O. Remix (feat. Future, Wiz Khalifa)",Rocko
VERSACE,Flap Jack
Strictly 4 My Jeeps,Action Bronson
The Giver - Original Mix,Duke Dumont
Lean & Bounce,Duke Dumont
Swishas and Dosha - Main Version - Clean,UGK
Players Anthem,UGK
"Hold On, We're Going Home",Drake
Living,2 Chainz
Taylor Gang - Bonus Track,Wiz Khalifa
I'm A Martian,Brian Pumper
The Drop,Bro Safari
Drippin,MiM0SA
Heaven,TR/ST
I Need You,Glass Figure
From Nowhere,Dan Croll
I Follow Rivers,Lykke Li
L'Amour Parfait,Yelle
Northern Lights,Kate Boy
Shabba,A$AP Ferg
Work,A$AP Ferg
Work REMIX,A$AP Ferg
The Way We Are,Kate Boy
"U.O.E.N.O. (feat. Rick Ross, Future)",Rocko
Now You Do,A-1
Holding On - Jerome LOL Remix,Classixx
Music Is the Answer - Original Extended 12-Inch Mix,Celeda
Test Me - UZ Remix,Flosstradamus & DJ Sliink
Test Me,Flosstradamus & DJ Sliink
No New Friends - SFTB Remix,DJ Khaled
R.I.P.,Jeezy
Baby Blue,Badfinger
Dip,Danny Brown
25 Bucks [feat. Purity Ring],Danny Brown
Fascism,Sam Sparro
Marc Jacobs,Riff Raff
One Of Us - Original Mix,Iron Galaxy & Sexlife
Can We Go Up?,Paper Diamond
This Lonely Morning,Best Coast
Time Has Come Today,The Chambers Brothers
Sad Eyes,Crystal Castles
Wearing My Rolex - Radio Edit,Wiley
Need U (100%) [feat. A*M*E] [Radio Edit],Duke Dumont
Stoned and Starving,Parquet Courts
Reflektor,Arcade Fire
Jack,Breach
Tennis Court,Lorde
Primetime (feat. Miguel),Janelle Monáe
"Hold On, We're Going Home",Drake
Hannah Hunt,Vampire Weekend
Latch,Disclosure
Play by Play,Autre Ne Veut
I Blame Myself,Sky Ferreira
Sunday,Earl Sweatshirt
Step,Vampire Weekend
You're Not Good Enough,Blood Orange
Strandbar (disko),Todd Terje
Open,Rhye
Falling,HAIM
White Noise,Disclosure
Bumpy Road,Destruction Unit
Shabba,A$AP Ferg
Work REMIX,A$AP Ferg
Dope,Tyga
Here Comes The Night Time II,Arcade Fire
Warm In The Winter,Glass Candy
Don't Let It Get to Your Head,Black Harmony
We Fall Down,ASTR
R U With Me,ASTR
Blue Hawaii,ASTR
Razor,ASTR
Stay,Rihanna
The Sound Of San Francisco - Progressive Album Mix,Global Deejays
Sunshine Of Your Love,Cream
Somebody to Love,Jefferson Airplane
San Francisco (Be Sure to Wear Flowers In Your Hair) - Single Version,Scott McKenzie
White Rabbit,Jefferson Airplane
Pleasure Power (DJ Smash Disco Remix),Afrolicious
Bound 2,Kanye West
Drunk in Love,Beyoncé
Viol - Original Mix,Gesaffelstein
Good Mistake,Mr Little Jeans
Runaway,Mr Little Jeans
Fall In Love,Phantogram
You’re Not The One,Sky Ferreira
Sacrilege,Yeah Yeah Yeahs
Collard Greens,ScHoolboy Q
Hell Of A Night,ScHoolboy Q
1977,Ana Tijoux
Latino & Proud,DJ Raff
Move That Dope,Future
Slasherr,Rustie
Outlines,AlunaGeorge
Platoon,Jungle
Man Of The Year,ScHoolboy Q
Spacer Woman - Vocal,Charlie
Nobody Else - Original Mix,Dusky
Stoner,Young Thug
Elevate,St. Lucia
Independent - House Remix,Hoodfellas
Au Seve,Julio Bashmore
Synchronize,Discodeine
Don't Miss,The Alexanders
Coucou disco,Dim Sum
Vowel Play - Original,Them Jeans
The Devil Is A Lie,Rick Ross
North North,Project Pat
Temporary View,SBTRKT
"III. Telegraph Ave. (""Oakland"" by Lloyd)",Childish Gambino
Accelerate,Jungle
0 To 100 / The Catch Up,Drake
Hot N*gga,Bobby Shmurda
You'll Never Walk Alone - 2002 Remastered Version,Gerry & The Pacemakers
Your Soul,Hippie Sabotage
dance yrself clean - live at madison square garden,LCD Soundsystem
Running Up That Hill (A Deal With God),Kate Bush
High Ball Stepper,Jack White
The Great Gig In The Sky - 2011 Remastered Version,Pink Floyd
All We Need (feat. Shy Girls),ODESZA
Catamaran,Allah-Las
Fool,Perfume Genius
Bulbform,TR/ST
Passing Out Pieces,Mac Demarco
Tuesday,ILoveMakonnen
Drop Dead Baby,Ty Segall
My Sunshine,Ty Segall
BIG Fun - Full Intention 88 Remix,Inner City
Natty Dread A Weh She Want,Horace Andy
DLZ,TV On The Radio
Whatcha Gonna Do,Koopsta Knicca
18 With A Bullet,Pete Wingfield
The Boss,James Brown
Drifting In And Out,Porcelain Raft
Made Me,Snootie Wild
Way to be Loved,TOPS
Just Wanna Love You Girl,Epsilons
Be Brave,The Strange Boys
Tupelo (Pt. 1) - Single Version,Albert King
Candyman,Cornershop
Somebody Was Watching,Pops Staples
Tupelo - Part 1,Pop Staples
Tupelo,Steve Cropper
"Damn Son, Where'd You Find This? - Future of TRAP Mix",Trendsetter
I'm in LOVE With GO-GO Dancer (Disco Diva) - Future of TRAP Mix,Trendsetter
Damn Son Where'd You Find This? (feat. Kelly Holiday) - Markus Maximus Remix,Markus Maximus
Work - The Advent & Spiriakos Remix,ZZT
Mannish Boy,Muddy Waters
Holding On,Disclosure
"Mozart: Requiem in D Minor, K. 626: VIII. Lacrimosa",Nikolaus Harnoncourt
My Main,Mykfresh
Southern Man - Live,"Crosby, Stills, Nash & Young"
Won't Look Back,Duke Dumont
Chrome Knight - Feat. Chromeo,Surkin
Black Boy,Pops Staples
Give Me The Sunshine,Leo's Sunshipp
Motherless Child,Romare
Giudecca,Ghost Culture
Living Every Dream,Antwon
Easy Rider,Action Bronson
Nissim,The Gaslamp Killer
Topless,Orlando Julius
Breakthrough,The Funkees
Stand Up - Tiger & Woods Remix,Pitchben
Blow a Bag,Future
Ain't got nobody,Sísý Ey
I Want'a Do Something Freaky To You,Leon Haywood
I Got a Feeling,Shit Robot
Standard,Empress Of
What I Might Do - Club Mix,Ben Pearce
Let's Lovedance Tonight - Danny Krivit Re-edit - Original Disco Version,Gary's Gang
Do You Love Me,The Contours
Too Bad I Have To Destroy You Now,Kid Cudi
Louie Louie,The Sonics
Heart Full of Soul,The Yardbirds
For Your Love,The Yardbirds
Sunshine Of Your Love,Cream
Taifa - The Emperor Machine Mix,Partial Arts
Taifa,Partial Arts
Make It,Patrick Di Stefano
Face It,Master C & J
Mary-Mary (M&M Unreleased Mix) [feat. Dajae],Grand High Priest
Supernature - Edit,Cerrone
I'll Be Good,Rene & Angela
Defected In The House Ibiza 2013 Mixtape,Simon Dunmore
"A Day In The Life - feat. RZA, The Mars Volta & AG + Good Hygiene feat. Tim Meadows Amended CD Version",Handsome Boy Modeling School
Episode I - Duel of The Fates,John Williams
Three Cool Cats,The Coasters
Mercy,The Third Degree
Do I Love You?,The Ronettes
Night on Bald Mountain,Modest Mussorgsky
Akue We Non Houme - Jerk Fon,T. P. Orchestre Poly-Rythmo
Ecoute ma mélodie - Bossa Afro,T. P. Orchestre Poly-Rythmo
Ole,The Funkees
Greetings,Joni Haastrup
5thep,Todd Osborn
Cavern,Liquid Liquid
Your Love,Mick Jenkins
Sleepwalk,Santo & Johnny
What I Might Do - Kilter Remix,Ben Pearce
Waiting Around For Grace,Pond
Nobodys Fool - Ben Pearce Remix,Real Connoisseur
Smoke On The Water,Deep Purple
Able to See Me,Hippie Sabotage
Oogum Boogum Song,Brenton Wood
The Gaudy Side of Town,Gayngs
The Walker,Gayngs
Ultimate Painting,Ultimate Painting
Agorinha,Sango
I'm Glad,Captain Beefheart & His Magic Band
Apollo Throwdown (Star Slinger Remix),The Go! Team
Boys Life,Small Black
Dirt And Grime,Fathers Children
Pedestrian at Best,Courtney Barnett
Middle,DJ Snake
Something About You - Extended Mix,Hayden James
Only You,Mac Demarco
The One,ZHU
Way Down We Go,Kaleo
Deeper Than Love,Colleen Green
Back Pocket,Vulfpeck
All I Wanna Do,The Beach Boys
Water,Jamaican Queens
You,Ejeca
Voodoo Ray - Danny Tenaglia Remix,A Guy Called Gerald
Jack,Breach
Jack,Breach
Mary Jane (Jamie Xx - Girl Remix),Jamie xx
Chunky - Club Mix,Format:B
One Who Lost,DJ Dodger Stadium
Delorean Dynamite,Todd Terje
Do You Want a Man - Heaven & Hell Remix,William Onyeabor
Celebrando,CLUBZ
No Eyes (Radio Edit),Claptone
Fanfare,Magic City Hippies
Dorothy,Polo & Pan
Long Cool Woman (In A Black Dress) - 1999 Remastered Version,The Hollies
Bang A Gong [Get It On] (Remastered Single/LP Version),T. Rex
Paris Groove (Original Mix),Boston Bun
Nothing,HNNY
Hey DJ,Worlds Famous Supreme Team
Tighten Up - Pt. 1,Archie Bell & The Drells
Ohye Atar Gyan,Ebo Taylor
Heaven,Ebo Taylor
I'm Walkin' - 2002 Digital Remaster,Fats Domino
"Bizarre Love Triangle - Shep Pettibone 12"" Remix",New Order
Dreams Never End - 2015 Remastered Version,New Order
Plastic - Extended Mix,New Order
You Are the Right One,Sports
Let Me Try,Kaleidoscope
Thinking of You,Lord Echo
Just Say The Word,Jerry Townes
Obi Agye Me Dofo,Vis à Vis
I'm Going Down,Rose Royce
Said So What,French Kicks
Carl Sagan,Night Moves
Muzik Xpress,X-Press 2
A Hundred Ropes,Minor Victories
No Woman,Whitney
Episode I - Duel of The Fates,John Williams
Giant,The The
Hush,Magic City Hippies
Desire,DILLY DALLY
Shut Up Kiss Me,Angel Olsen
No Heart,21 Savage
We Want Some Pussy,Ezale
We Out Here,Ezale
By Design,Kid Cudi
Aloha,Chris Bear
Bad and Boujee (feat. Lil Uzi Vert),Migos
The Winner Is - from Little Miss Sunshine,DeVotchKa
Virile,The Blaze
Let Me Tell U,Jimmy Edgar
Wonky Bassline Disco Banger,Red Rack'Em
Remember,Gino Soccio
Anti Social Tendencies,The Parallax Corporation
What Time Is Love (Live at SSL mix),Lifelike
The Spirit Blossoms All Over the Land,Onra
On the Lips,Frankie Cosmos
Stripper,Fancy Fux
Operator (Ring Ring) ft. Dances With White Girls,Chris Lake
Big Jet Plane - Animal Trainer Remix,Jan Blomqvist
Fight,Nicolas Jaar
Bambi,Jidenna
Raindrops,The Silvertones
Truths & Rights,Johnny Osbourne
Smoke,Ohio Players
You Are My Special Angel,The Vogues
Just A Little Lovin',Dusty Springfield
Unchained Melody,The Righteous Brothers
Howl,Florence + The Machine
For Free,DJ Khaled
Mystery Of Love,Mr. Fingers
Hung Over,The Martini's
"Bold Soul Sister, Bold Soul Brother - USDEA0400901",The Black On White Affair
Cane Shuga,Glass Animals
Queen,Perfume Genius
Get Lucky,Daft Punk
Bugatti,Ace Hood
Versace,Migos
Black Skinhead,Kanye West
Type of Way,Rich Homie Quan
Recover,CHVRCHES
Bitter Rivals,Sleigh Bells
Gonna Die,Autre Ne Veut
Angels,The xx
GOT IT GOOD,KAYTRANADA
I Got U,Duke Dumont
Something About You - ODESZA Remix,Hayden James
Oblivion,The Seshen
Distant Heart,The Seshen
Finally Moving,Pretty Lights
Want My Love,Cathedrals
Myth,Beach House
Weary,Solange
Treat Me Like Fire,LION BABE
Something About You,Hayden James
Let It Happen - Soulwax Remix,Tame Impala
Hood Pass Intact,Dâm-Funk
Let's Dance (Single Version) [2002 Remastered Version],David Bowie
Ode To Viceroy,Mac Demarco
Five Seconds,Twin Shadow
No Sleep Till Brooklyn,Beastie Boys
F**kin' Problems,A$AP Rocky
Swerve... the reeping of all that is worthwhile (Noir not withstanding),Shabazz Palaces
Never Saw The Point,Cults
212,Azealia Banks
Forgiven/Forgotten,Angel Olsen
All My Friends,LCD Soundsystem
Lay Up,Future
Father Stretch My Hands Pt. 1,Kanye West
Big For Your Boots,Stormzy
No Security,Skepta
Fam,Saskilla
Mr Skeng,Stormzy
Beauty and the Beast,Bugzy Malone
I Win,Lethal Bizzle
Plottin,J HUS
M.E.N,Bugzy Malone
Cold,Stormzy
Toothache,Jaykae
Coward,Chip
3 Wheel-ups (feat. Wiley & Giggs),Kano
T On the Wing,President T
Bad Boys (feat. Ghetts and J Hus),Stormzy
Thiago Silva,Dave
And Dat (Ft. Stormzy),Bonkaz
6 In The Morning,Wiley
Skepta Interlude,Drake
Man Don't Care,Jme
Luke Cage,AJ Tracey
Shutdown,Skepta
My Old Man,Zac Brown Band
Losing Sleep,Chris Young
Sleep Without You,Brett Young
Yeah Boy,Kelsea Ballerini
Craving You,Thomas Rhett
More Girls Like You,Kip Moore
Heart Break,Lady Antebellum
Cut Your Groove,Charlie Worsham
Black,Dierks Bentley
The Weekend,Brantley Gilbert
Reasons,Jillian Jacqueline
Small Town Boy,Dustin Lynch
Yours If You Want It,Rascal Flatts
Roots,Zac Brown Band
Sunday Morning,Parmalee
Hurricane,Luke Combs
Think A Little Less,Michael Ray
Speak to a Girl,Tim McGraw
Man Enough Now,Chris Bandi
If I Told You,Darius Rucker
Happy People,Little Big Town
All On Me,Devin Dawson
Somethin' I'm Good At,Brett Eldredge
I Could Use a Love Song,Maren Morris
Zac Brown Band - Hot Country,Various Artists
Trying To Drive,Zac Brown Band
"God, Your Mama, And Me",Florida Georgia Line
Real Thing,Zac Brown Band
They Don't Know,Jason Aldean
Every Time I Hear That Song,Blake Shelton
What Ifs,Kane Brown
For Her,Chris Lane
Act Like You Don't,Brooke Eden
In Case You Didn't Know,Brett Young
Two Black X's,Dylan Schneider
You Look Good,Lady Antebellum
Close,Ryan Kinder
Ain't Always Pretty,Logan Mize
Love in a Bar,Ryan Hurd
Family Table,Zac Brown Band
Any Ol' Barstool,Jason Aldean
Dirt On My Boots,Jon Pardi
Just a Phase,Adam Craig
Body Like A Back Road,Sam Hunt
How Not To,Dan + Shay
Tin Man,Miranda Lambert
Blue Tacoma,Russell Dickerson
May We All,Florida Georgia Line
Last Time for Everything,Brad Paisley
Getting Over You,Jackie Lee
Flatliner (feat. Dierks Bentley),Cole Swindell
Like You That Way,Canaan Smith
Hometown Girl,Josh Turner
Star Of The Show,Thomas Rhett
Either Way,Chris Stapleton
No Such Thing as a Broken Heart,Old Dominion
There’s A Girl,Trent Harmon
The Fighter,Keith Urban
Despacito - Remix,Luis Fonsi
Felices los 4,Maluma
SUBEME LA RADIO,Enrique Iglesias
Me Rehúso,Danny Ocean
El Amante,Nicky Jam
Escápate Conmigo,Wisin
Ahora Dice,Chris Jeday
Chantaje,Shakira
Hey Ma (with Pitbull & J Balvin feat. Camila Cabello) - Spanish Version,Pitbull
Sigo Extrañándote,J Balvin
Otra Vez (feat. J Balvin),Zion & Lennox
La Rompe Corazones,Daddy Yankee
"Sola (Remix) [feat. Daddy Yankee, Wisin, Farruko, Zion & Lennox]",Anuel Aa
Despacito (Featuring Daddy Yankee),Luis Fonsi
Reggaetón Lento (Bailemos),CNCO
Hey DJ,CNCO
Me Llamas (feat. Maluma) - Remix,Piso 21
Me Enamoré,Shakira
Tu Foto,Ozuna
Vente Pa' Ca,Ricky Martin
Safari,J Balvin
Alguien Robo,Sebastian Yatra
Vacaciones,Wisin
Te Quiero Pa´Mi,Don Omar
Ay Mi Dios,IAmChino
Traicionera,Sebastian Yatra
Si Tú La Ves,Nicky Jam
Lumbra,Cali Y El Dandee
La Bicicleta,Carlos Vives
Bailame,Nacho
Dile Que Tu Me Quieres,Ozuna
Deja vu,Prince Royce
Sé Que Te Duele,Alejandro Fernandez
Borro Cassette,Maluma
DUELE EL CORAZON,Enrique Iglesias
Andas En Mi Cabeza,Chino & Nacho
Chillax,Farruko
Hasta el Amanecer,Nicky Jam
Bailame Despacio,Xantos
Shaky Shaky,Daddy Yankee
Besándote,Piso 21
Ando buscando (feat. Piso 21),Carlos Baute
Hula Hoop,Daddy Yankee
Qué Gano Olvidándote - Versión Urbana,Reik
Ya Me Enteré (feat. Nicky Jam) - Urban Version,Reik
Mi Tesoro (feat. Nicky Jam),Zion & Lennox
Tú Sí Sabes Quererme,Natalia Lafourcade
Si Me Dices Que Si (feat. Nicky Jam),Cosculluela
Fuego,Juanes
Al Filo de Tu Amor,Carlos Vives
Young And Menace,Fall Out Boy
"Sugar, We're Goin Down",Fall Out Boy
Centuries,Fall Out Boy
My Songs Know What You Did In The Dark (Light Em Up),Fall Out Boy
Immortals,Fall Out Boy
Uma Thurman,Fall Out Boy
"Dance, Dance",Fall Out Boy
"This Ain't A Scene, It's An Arms Race",Fall Out Boy
Bad Liar,Selena Gomez
Despacito - Remix,Luis Fonsi
Thunder,Imagine Dragons
Attention,Charlie Puth
There's Nothing Holdin' Me Back,Shawn Mendes
Quit (feat. Ariana Grande),Cashmere Cat
The Cure,Lady Gaga
First Time,Kygo
No Vacancy,OneRepublic
Most Girls,Hailee Steinfeld
Malibu,Miley Cyrus
Stay (with Alessia Cara),Zedd
1-800-273-8255,Logic
Pretty Girl - Cheat Codes X CADE Remix,Maggie Lindemann
Now Or Never,Halsey
No Promises (feat. Demi Lovato),Cheat Codes
Slow Hands,Niall Horan
Bad Bitch (feat. Ty Dolla $ign),Bebe Rexha
Good Life (with G-Eazy & Kehlani),G-Eazy
The Night We Met,Lord Huron
Rollin,Calvin Harris
Obsession (feat. Jon Bellion),Vice
Whippin (feat. Felix Snow),Kiiara
Symphony,Clean Bandit
Break Up Every Night,The Chainsmokers
Unforgettable,French Montana
HUMBLE.,Kendrick Lamar
do re mi,Blackbear
Swalla (feat. Nicki Minaj & Ty Dolla $ign),Jason Derulo
Whatever It Takes,Imagine Dragons
Touch,Little Mix
Selfish,Future
It Ain’t Me (with Selena Gomez),Kygo
Mama,Jonas Blue
The One,The Chainsmokers
Nights With You,MØ
TG4M,Zara Larsson
Mask Off,Future
Bon Appétit,Katy Perry
Sign of the Times,Harry Styles
At My Best (feat. Hailee Steinfeld),Machine Gun Kelly
Issues,Julia Michaels
That's What I Like,Bruno Mars
September Song,JP Cooper
Still Got Time,ZAYN
Location,Khalid
Scared to Be Lonely,Martin Garrix
Passionfruit,Drake
Shape of You,Ed Sheeran
Wild Ones (feat. Sia),Flo Rida
Starships,Nicki Minaj
Lollipop,Lil Wayne
Time of Our Lives,Pitbull
Stereo Hearts (feat. Adam Levine),Gym Class Heroes
Glad You Came,The Wanted
Dynamite,Taio Cruz
Clique,JAY Z
Airplanes (feat. Hayley Williams of Paramore),B.o.B
Trumpets,Jason Derulo
Live Your Life - feat. Rihanna,T.I.
Like A G6,Far East Movement
Feel This Moment,Pitbull
Timber,Pitbull
Classic,MKTO
Titanium (feat. Sia),David Guetta
E.T. - feat. Kanye West,Katy Perry
GDFR (feat. Sage The Gemini & Lookas),Flo Rida
"Young, Wild & Free (feat. Bruno Mars)",Snoop Dogg
The Monster,Eminem
TiK ToK,Kesha
Love You Like A Love Song,Selena Gomez & The Scene
Don't You Worry Child (Radio Edit) [feat. John Martin],Swedish House Mafia
Sexy Bitch (feat. Akon) - Featuring Akon;explicit,David Guetta
Somebody,Natalie La Rose
Maps,Maroon 5
Am I Wrong,Nico & Vinz
Umbrella,Rihanna
Counting Stars,OneRepublic
Turn Down for What,DJ Snake
Get Lucky,Daft Punk
A Dustland Fairytale,The Killers
My House,Flo Rida
Best I Ever Had,Drake
Stitches,Shawn Mendes
I Will Never Let You Down,Rita Ora
Do I Wanna Know?,Arctic Monkeys
Cinema - Skrillex Remix,Benny Benassi
Take Care,Drake
Love Song,Sara Bareilles
Blurred Lines,Robin Thicke
Swimming Pools (Drank) - Extended Version,Kendrick Lamar
Beautiful Girls - Radio Disney Version,Sean Kingston
Cool,Gwen Stefani
Can’t Live Without,Hollyn
Glimpse,Kim Walker-Smith
Broken Things,Matthew West
Even If,MercyMe
Home,Chris Tomlin
Nowhere,Sarah Reeves
Hills and Valleys (The Valleys Version),Tauren Wells
Chain Breaker,Zach Williams
Clean,Natalie Grant
I Will,Citizen Way
The Gospel,Ryan Stevenson
Throne Room,Kim Walker-Smith
I Won't Let You Go - Radio Version,Switchfoot
Unfinished,Mandisa
Old Church Choir,Zach Williams
Forgiven,Crowder
Love Wins,Love and Theft
I Have This Hope,Tenth Avenue North
In Awe,Hollyn
Oh My Soul,Casting Crowns
You Redeem - Studio Version,Aaron Shust
Amen,Hunter Hayes
Brand New Life,Colton Dixon
Oceans (Where Feet May Fail) - Radio Version,Hillsong United
O God Forgive Us,for KING & COUNTRY
Death Was Arrested,North Point InsideOut
Back To God,Reba McEntire
Say The Word,Hillsong United
On My Side,Kim Walker-Smith
Bloom,Grayson Reed
Revival,Third Day
Hold It All,Cody Carnes
Lifer,MercyMe
Now,Mallary Hope
Battles,The Afters
Prove Me Wrong,Mandisa
Run the Race,Holly Starr
The Happy Song,Jamie Grace
Find You Here,Ellie Holcomb
Change The World (feat. Hollyn),Derek Minor
Rise,Kim Walker-Smith
Priceless,for KING & COUNTRY
Alive In You - Studio Version,Jesus Culture
What A Beautiful Name,Hillsong Worship
Beloved,Jordan Feliz
There Is a Cloud,Elevation Worship
Rise,Danny Gokey
Fearless,Jasmine Murray
Tears,Matt Hammitt
To Live Is Christ,Sidewalk Prophets
Be The Change,Britt Nicole
Parachute,Joshua Micah
Where You Are (Reimagined),Hillsong Young & Free
The Cause Of Christ,Kari Jobe
King Of The World,Natalie Grant
Come Alive (Dry Bones),Lauren Daigle
Even So Come - Radio Version/Live,Passion
"10,000 Reasons (Bless the Lord) [Radio Version]",Matt Redman
More Than Conquerors (Radio Version),Steven Curtis Chapman
TESTIFY,NEEDTOBREATHE
Great Are You Lord (Radio Mix),one sonic society
Worthy Of Your Name - Studio,Passion
My All In All,Phil Wickham
Love Broke Thru,tobyMac
Magnify,We Are Messengers
The Cross Has The Final Word,Cody Carnes
Eye of the Storm (feat. Gabe Real),Ryan Stevenson
Black Colors,Victim Of Deception
A Darkened Gospel,A Wake in Providence
Soil the Stillborn,Infant Annihilator
No Absolution,Thy Art Is Murder
Hearteater,To The Grave
Shapeless Abomination,Beyond the Extraction
Dirty Waters,Into Oblivion
Defiled,Hive
Negative,FRCTRD
Distorting of Perception,Until We Die
Ruin,Altered Perceptions
Fauxhammer,Black Tongue
Spiteful Nature,I Shall Devour
We Wait,I Declare War
Plague of Immortality (feat. Dean Lamb Of Archspire),Within Destruction
Arrogance,Traitors
Inferiority,Neberu
Senseless Order,Signs of the Swarm
Advent,Shotgun Surgeon
Venomous,Whitechapel
Substance Affliction,Advocates
To Encompass and Eclipse,A Trust Unclean
Rope,Obscure of Acacia
Permanent Intoxication,Mycelia
Tremendous Strain,Science Of Sleep
Of Talons and Teeth,Reaping Asmodeia
Pitchblack,Walking Dead On Broadway
Zerotonin 2,Darknet
False Hope,The Machinist
1208,Extortionist
Plagues,The End At The Beginning
Hear Me Out,Risking It All
Down into the Abyss,Conjonctive
Dance of the Witch,At Rest
New World Slaughter,Iconoclast
FVNERAL MOON,Lorna Shore
Beautiful Agony,Within The Ruins
Ways Of Transfiguration,Buried Side
Black Mammoth,Fit For An Autopsy
Solicitude,Belie My Burial
The Call of Mighty,Crucify Me Gently
Manufactured Existence,Lord of War
Bastard Son,God Of Nothing
The Shaping Sickness,Shadow of Intent
Drown Me in Blood,Carnifex
Inferno,"Above, Below"
Debris,Paragon
"I, the Weak",The Voynich Code
American Dream,Chelsea Grin
Temptress,Enterprise Earth
Flag of the Beast,Emmure
Unanswered,Suicide Silence
Be My Valentine (feat. Dickie Allen),Brojob
Prismatic Abyss,Aversions Crown
Right In,Skrillex
Bangarang (feat. Sirah),Skrillex
Breakn' A Sweat,Skrillex
The Devil's Den,Skrillex
Right On Time,Skrillex
Kyoto (feat. Sirah),Skrillex
Skrillex Orchestral Suite By Varien - Bonus Track,Skrillex
Satellite,SALTNPAPER
Nosedive,Dynamic Duo
PIZZA,Oohyo
이대로 있어줘요 Stay With Me,도시총각 Dosichonggak
Stardust,Kevin Oh
Burning youth,Hyukoh
Wi Ing Wi Ing,Hyukoh
Wonder,Standing Egg
I'll Pick You Up,Standing Egg
VAMOS,Oohyo
MWAH,Humming Urban Stereo
Loop,NELL
With Me,Vanilla Acoustic
Monster,PALGOU
What 2 Do,DEAN
For Me,Gyepy
Fallen in Love (Only With You),Jang Beom June
Talk,10cm
Black Out,PALGOU
Sleeping Habits,Donguy
Romance in Seoul,Neon Bunny
Hot and Cold (feat. Yun Cheoljong of 10cm),SunWoo Jung-A
Ki-dult,SBGB
"지금 여기, 이곳에서 (Duet With 루시아) , 지금 여기, 이곳에서",Sentimental Scenery
너와의 공식 Love Equation,플랫핏 Flat Feet
I Don't Love You,Urban Zakapa
My eyes,10cm
Zig Zag,Kwon Jin Ah
Cake Love (PROD. BY The Black Skirts),XIA
HOW WAS YOUR DAY,Sugarbowl
변명 Shame,DyoN Joo
You Wouldn't Even Know,Flower Soo
장가갈 수 있을까 Can I Get Married?,Coffeeboy
Sneakers,Humming Urban Stereo
Dangerous,Clazziquai Project
Night Time Melody,Rude Paper
Reason Why We Have To Break Up,Only U
"Love, Love.",Big Brain
I Don't Want,Jungkey
All in Vain,Mot
귀가 Return Home,카우칩스 The CowChips
물 Water,권나무 Kwon Tree
Summer Night You and I,Standing Egg
Let You Go,Mot
Sooni (I'm your fanatic girl),SunWoo Jung-A
Run,Okdal
Petals on The Wind (Remake Version),Wable
Morning Call - Remix Version,Ibadi
Rub off,Kim Woo-Joo
Don't You Cry For Me,Cobi
Waves - Acoustic,Dean Lewis
Runner,Jon and Roy
No Role Modelz,J. Cole
Wet Dreamz,J. Cole
Neighbors,J. Cole
Deja Vu,J. Cole
G.O.M.D.,J. Cole
Litty (feat. Tory Lanez),Meek Mill
All Eyes On You (feat. Chris Brown & Nicki Minaj),Meek Mill
Froze (feat. Lil Uzi Vert & Nicki Minaj),Meek Mill
Ima Boss - feat. Rick Ross,Meek Mill
Apple of My Eye,Rick Ross
Santorini Greece,Rick Ross
Idols Become Rivals,Rick Ross
Trap Trap Trap,Rick Ross
Dead Presidents,Rick Ross
She On My Dick,Rick Ross
I Think She Like Me,Rick Ross
Powers That Be,Rick Ross
Game Ain't Based On Sympathy,Rick Ross
Humble,Wahlstedt
My Friend,EDX
White Label (Is This Love),Still Young
Home,Marshmello
Front to Back,Buku
Best Thing About,Lex Luca
Flashwind - Radio Edit,Ben Remember
Fuego,Alok
Rose Horizon,Yellow Claw
dance alot,Various Artists
Save You,Wahlstedt
I Want You,Chris Lake
Polaris,deadmau5
Midnight Sun,Dirtcaps
One Life Short,Geoxor
On Our Own (feat. Natalie Major),Showtek
The Wall,Matrix & Futurebound
All I Know,EDX
Freesol (feat. Skyler Stonestreet),Seven Lions
Mantra - Mat Zo Remix,Noisia
Good Life,Kiso
Twinbow,Slushii
Limitless (feat. Sophie Rose),Sam F
Move On Me,Tom & Jame
Wildcard,Mickey Valen
Find You,Wahlstedt
Legacy,Dimitri Vangelis & Wyman
Show You Love,Kato
Make U Love Me,Tujamo
Bassline Riddim,Vato Gonzalez
Light - GOSLO Remix,San Holo
Walk Away,LVNDSCAPE
Touch The Sky,Cedric Gervais
"Afraid, Unafraid",SLUMBERJACK
Make You Mine,Aire Atlantica
Riot Call (feat. Nevve),QUIX
Modern Flame (feat. Yuna),Emmit Fenn
Right Here,Keys N Krates
Chicken Soup,Skrillex
No Sleep,Bougenvilla
Help,Borgore
Waist Time,Diplo
Scared To Be Lonely (Brooks Remix),Martin Garrix
Fuck It All Up (feat. JVZEL),DOLF
After All,Khrebto
Something Just Like This - Don Diablo Remix,The Chainsmokers
The Jam,Kideko
Get What You Give,Felix Cartal
Joyride,Bassjackers
Open,Yellow Claw
I'm the One,DJ Khaled
There's Nothing Holdin' Me Back - NOTD Remix,Shawn Mendes
Bon Appétit - MUNA Remix,Katy Perry
Hard Times,Paramore
Kiwi,Harry Styles
Issues - Alan Walker Remix,Julia Michaels
Young,The Chainsmokers
That's What I Like - Alan Walker Remix,Bruno Mars
No More Sad Songs (feat. Machine Gun Kelly),Little Mix
Carolina,Harry Styles
High Without Your Love,Loote
Feel Good,Gryffin
1-800-273-8255,Logic
Middle Of The Night,The Vamps
Tuesday (feat. Danelle Sandoval),Burak Yeter
Hunter,Galantis
XO TOUR Llif3,Lil Uzi Vert
Kissing Strangers,DNCE
Ciao Adios,Anne-Marie
Overwhelming,Jon Bellion
Go For Broke (feat. James Arthur),Machine Gun Kelly
Human,Rag'n'Bone Man
Eyes Closed,Halsey
History,Olivia Holt
Calm Down,Skip Marley
Be There,Krewella
Swish Swish,Katy Perry
Confident,Demi Lovato
Cool for the Summer,Demi Lovato
Old Ways,Demi Lovato
For You,Demi Lovato
Stone Cold,Demi Lovato
Kingdom Come,Demi Lovato
Waitin for You,Demi Lovato
Wildfire,Demi Lovato
I'll Let You Know,David Hazeltine
I'll Wait And Pray,John Coltrane
The Shadow of Your Smile,Scott Hamilton
"Vid Frösö kyrka (At Frösö Church) - From Frösöblomster (Frösö Flowers) (arr. J. Ekberg, P.V. Johansson and L. Simonsson)",Trio X of Sweden
Jackie Gets Out,Terence Blanchard
Romance / Hommage à Milhaud,Enrico Pieranunzi
Leave Me Here,Triosence
Where We Used To Live,Esbjörn Svensson Trio
Mommy's Shawl,Yelena Eckemoff
For Wee Folks,Joey Alexander
All I See is Us,Sassy Players
Goodbye Pork Pie Hat,Charles Mingus
Ballad for MC,Grace Kelly
Soul in Twilight,John Moulder
So Lovely,Ben Wolfe
The Sweetest Nighlife,Ellie & The Bunch
I Got It Bad,Enrico Pieranunzi
Gramercy Sunset,The Hot Sardines
I'm a Fool to Want You,Passport Quartet
"I Was So Young, and You Were So Beautiful",Bill Charlap
Journey Into Melody - 2007 Digital Remaster,Stanley Turrentine
I'm Glad There Is You,Bill Mobley
Blue Ballad,Phil Woods
The Nearness of You,Joshua Redman
It Never Entered my Mind,Mulgrew Miller
Blue in Green,Miles Davis
Where or When,Wynton Marsalis
Count Your Blessings,Seamus Blake
Good Morning Heartache,Scott Hamilton
Two Sleepy People,Marcus Gilmore
Can't Help Loving,Beegie Adair
The Nearness Of You,Bill Charlap
When Sunny Gets Blue,McCoy Tyner
Blue and Sentimental,Julian Dash
Almas vaggvisa,Jan Lundgren Trio
Before It's Time To Say Goodbye,Kenny Garrett
Autumn Nocturne,Lou Donaldson
Eleanor,Hank Jones
Angel Eyes,"Tommy Flanagan, Ron Carter & Tony Williams"
Good Morning.Goodbye,Dan Cray Trio
Doubts 2,Ibrahim Maalouf
The Last Goodbye,Nicholas Payton
Where Do You Start,Brad Mehldau Trio
The Man I Love,Marcus Roberts
Gary's Theme - Remastered,Bill Evans
Trust,Roy Hargrove
The Folks Who Live on the Hill,Joshua Redman
All The Way,Bob Berg
Emperor Jones - Instrumental,Joe Lovano
Isadora,Christian Scott
I Remember Clifford,Lee Morgan
Sous le Ciel de Paris,Jacky Terrasson
You Go To My Head,Art Pepper
Gloomy Sunday,Branford Marsalis
I Didn't Know About You,Johnny Hodges
I Have Dreamed,Christian McBride
Fools Rush In,Teddy Wilson
Dreamsville,David Halliday
Old Folks,Xavier Davis
I Got It Bad And That Ain't Good,Oscar Peterson Trio
My Romance,Gene Ammons
The Peacocks,Anthony Wonsey Trio
A Nightingale Sang In Berkeley Square,Stan Getz
A Hundred Dreams from Now,Ray Bryant
My Little Brown Book,Duke Ellington
Moving On and Getting Over,John Mayer
Safe,Bay Ledges
Second Nature,Stalking Gia
The Best Crew,Tep No
Hideout,Parcels
No Le Digas Que Hacer,Karina Vismara
Peas Pudding Hot,The Kids Band
Biscuits in the Oven,Raffi
Jelly Beans,The Hipwaders
My Favorite Snack,Imagination Movers
Curse of the Spinach,Trout Fishing in America
Mosquito Burrito,Roger Day
C'mon Let's Make A Pizza,We Kids Rock
Jelly On A Plate,The Kids Band
Little Green Apple,Tumble Tots
Always Chew Your Food,Trout Fishing in America
"Icy, Creamy Ice Cream",Barney
"Lyric Pieces, Book I Op. 12: I. Arietta",Edvard Grieg
"String Quartet No. 4 in C Major, D. 46: II. Andante con moto",Franz Schubert
"8 Fantasiestücke, Op.12 : 1. Des Abends",Robert Schumann
"String Quartet No. 5 in C Major, Op. 29, ""Serenade"": II. Ballata: Allegretto scherzando",Wilhelm Stenhammar
"Piano Quartet in E flat, Op.47: 3. Andante cantabile",Robert Schumann
"Piano Sonata No. 18 in G Major, Op. 78, D. 894: IV. Allegretto",Franz Schubert
"Trio Sonata in G Major, Wq. 144: I. Adagio",Carl Philipp Emanuel Bach
"Trio No. 2 en Mi Mineur, Op. 92: III. Andante con moto",Camille Saint-Saëns
"String Quintet in C Major, Op. 29: II. Adagio molto espressivo",Ludwig van Beethoven
Viola Sonata in C Minor: III. Andante con variazioni,Felix Mendelssohn
Magic City,Wahlstedt
Livin' 4 Ya,MOTi
Last Chance,Kaskade
Nite Time - Ruby & Tony Radio Edit,George Acosta
Satellites,DubVision
Can't Take It,Breathe Carolina
All Aloud,Adrian Lux
Close,IZECOLD
Cascade - Original Mix,Tommy Trash
Waiting,Dash Berlin
Everytime We Touch,David Guetta - Sébastian Ingrosso - Joachim Garraud - Chris Willis - Steve Angello
Milky Way,Madison Mars
You,Galantis
La Tromba Risin' (feat. Tasita D'Mour),Chris Lake
Crash 2.0 (Adventure Club vs. DallasK),Adventure Club
Raven,John Dahlbäck
Icarus - Black Caviar Remix,R3hab
Wasted Love (feat. Dougy),Steve Angello
Summer,Marshmello
Catch Me (feat. Naaz),Flux Pavilion
Save the World - Radio Mix,Swedish House Mafia
"Wild One Two - feat. David Guetta, Nicky Romero & Sia",Jack Back
Fire In Your New Shoes (feat. Martina of Dragonette) - Sultan & Ned Shepard Electric Daisy Remix,Kaskade
Calling (Lose My Mind) - Radio Edit,Sebastian Ingrosso
Language,Porter Robinson
Strobe - Radio Edit,deadmau5
Seek Bromance (Avicii Vocal Edit) - Avicii Vocal Edit,Tim Berg
Poison,Martin Garrix
Take Over Control - Radio Edit,Afrojack
Teenage Crime - Axwell & Henrik B Remode,Adrian Lux
Light It Up (feat. Nyla & Fuse ODG) [Remix],Major Lazer
Turn Me Up - ViP Mix,MOTi
Together,Martin Garrix
Whatcha Need,W&W
Levels - Radio Edit,Avicii
Faded,Alan Walker
Move for Me,Kaskade
Turn up the Speakers - Radio Edit,Afrojack
Counting Down The Days - Yotto Edit,Above & Beyond
Summer Dreams,Michael Brun
Changes - Dirty South Remix,Chris Lake Feat. Laura V
Heroes (we could be),Alesso
Everything,R3hab
Lean On (feat. MØ & DJ Snake),Major Lazer
Starlight - Radio Mix,SOVI
City Of Dreams - Radio Edit,Dirty South
Chords Of Life - Original Mix,Tim Mason
Blackout - Madison Mars Radio Mix,Tritonal
Freak,Friction
Skyscrapers,Daydreamer
Chemicals - Radio Edit,Tiësto
Run Wild - Alternative Edit Mix Cut,Hardwell
Blackout,Pegboard Nerds
Rock The House - Radio Edit,Afrojack
Sweet Memories,CID
Borrowed Lives (feat. NVDES),Pierce Fulton
Concrete Angel (Radio Edit) (feat. Christina Novelli),Gareth Emery
Yebisah,Mark Knight
Otherside,Suyano
Falling Back - Radio Edit,Cosmic Gate
Fireflies,Owl City
Good Time,Owl City
When Can I See You Again?,Owl City
Verge,Owl City
Vanilla Twilight,Owl City
You Make Me Wanna...,Usher
Can't You See,Total
Lost Without U,Robin Thicke
'Till I Collapse,Eminem
$ave Dat Money (feat. Fetty Wap & Rich Homie Quan),Lil Dicky
Calm Down,G-Eazy
Remember The Name (feat. Styles Of Beyond),Fort Minor
Mind Tricks,Bassnectar
Help,Papa Roach
Follow You,Bring Me The Horizon
Snow Cats,AFI
Paranoia,A Day To Remember
Hated,Beartooth
Shock Me,Baroness
The Devil's Bleeding Crown,Volbeat
Go Down in History,Four Year Strong
Serpents,Neck Deep
Black Honey,Thrice
Chop Suey!,System Of A Down
Something To Believe In,Young the Giant
She Hates Me,Puddle Of Mudd
Don't Threaten Me With A Good Time,Panic! At The Disco
Sex on Fire,Kings of Leon
Cold,Maroon 5
It Ain't Me (with Selena Gomez),Kygo
Bring Me the Night,Sam Tsui feat. Kina Grannis
Crush,David Archuleta
Song 2 You,Victorious Cast
L.A. Boyz,Victorious Cast feat. Victoria Justice and Ariana Grande
Faster than Boyz,Victorious Cast
Bad Boys,Victorious Cast
"Too Little, Too Late",JoJo
Fast Car (feat. Kina Grannis),Kina Grannis
In Your Arms,Kina Grannis
Valentine,Kina Grannis
The One You Say Goodnight To,Kina Grannis
Gone,Kina Grannis
Strong Enough,Kina Grannis
Without Me,Kina Grannis
L.A. Story,Sammy Adams
Something About the Sunshine,Anna Margaret
Like Nobody's Around,Big Time Rush
Amazing,Big Time Rush
Boyfriend,Big Time Rush
Worldwide,Big Time Rush
Big Time Rush,Big Time Rush
Popular Song,MIKA
All About Tonight - featuring Cymphonique Miller,How To Rock Cast
Count On You,Big Time Rush
I Know You Know,Big Time Rush
Bring It All to Me,Blaque
Too Close,Next
I'm So Into You,SWV
Don't Let Go (Love),En Vogue
Candy Rain,Soul For Real
Wifey,Next
On Bended Knee,Boyz II Men
Get It On Tonite,Montell Jordan
End Of The Road,Boyz II Men
I'll Make Love To You,Boyz II Men
Water Runs Dry,Boyz II Men
A Song For Mama,Boyz II Men
Together Again,Janet Jackson
Someone To Call My Lover,Janet Jackson
Escapade,Janet Jackson
Bye Bye Bye,*NSYNC
This I Promise You - Radio Edit,*NSYNC
It's Gonna Be Me,*NSYNC
God Must Have Spent a Little More Time on You - Remix,*NSYNC
I Want You Back - Radio Edit,*NSYNC
Pop - Radio Version,*NSYNC
Tearin' up My Heart - Radio Edit,*NSYNC
As Long as You Love Me,Backstreet Boys
Quit Playing Games (With My Heart),Backstreet Boys
I'll Never Break Your Heart,Backstreet Boys
All I Have to Give,Backstreet Boys
The Call,Backstreet Boys
I Want It That Way,Backstreet Boys
Show Me the Meaning of Being Lonely,Backstreet Boys
Shape of My Heart,Backstreet Boys
I'll Be Missing You (feat. 112),Diddy
I Need A Girl (Part One) (feat. Usher & Loon),Diddy
Where the Party At,Jagged Edge
I Wanna Know,Joe
Stay,Ne-Yo
So Sick,Ne-Yo
When You're Mad,Ne-Yo
Sexy Love,Ne-Yo
All My Life,K-Ci & JoJo
Take Me There - Remix,Blackstreet
MMMBop,Hanson
Case Of The Ex (Whatcha Gonna Do),Mýa
My Love Is Like...Wo - Main Mix/Album Version,Mýa
Angel of Mine - Radio Mix,Monica
For You I Will,Monica
Two Wrongs,Wyclef Jean
Take Me As I Am,Wyclef Jean
Sweetest Girl (Dollar Bill),Wyclef Jean
Slow Jam,Usher
Ironic - 2015 Remastered,Alanis Morissette
U Got It Bad,Usher
My Boo,Usher
Don't Love You No More (I'm Sorry),Craig David
Let Me Love You,Mario
Just a Friend 2002 - Radio Edit,Mario
Say My Name,Destiny's Child
"Jumpin', Jumpin'",Destiny's Child
"Independent Women, Pt. I",Destiny's Child
"Bills, Bills, Bills",Destiny's Child
No More (Baby I'ma Do Right),3LW
Summer Is Over feat. Sara Bareilles,Jon McLaughlin
Beautiful Disaster,Jon McLaughlin
Human,Jon McLaughlin
So Close,Jon McLaughlin
In Love With a Girl,Gavin DeGraw
Simple Love Song,Anuhea
Honeymoon Avenue,Ariana Grande
Tattooed Heart,Ariana Grande
Almost Is Never Enough,Nathan Sykes
Perfect Harmony,Rags Cast
Pyramid (feat. Iyaz),Charice
Best Friend,Jason Chen
Over And Over Again,Nathan Sykes
Put Your Arms Around Me,Natasha Bedingfield
Try Everything,Shakira
Starving,Hailee Steinfeld
I Dare You,Bea Miller
Force of Nature,Bea Miller
Perfect Picture,Bea Miller
Tangled Up In Me,Skye Sweetnam
Why Can't I?,Liz Phair
God Is a DJ,P!nk
Save My Soul,JoJo
Mad Love.,JoJo
Secret Love,JoJo
Dear No One,Tori Kelly
First Heartbreak,Tori Kelly
Video,India.Arie
"Beauty and the Beast - From ""Beauty and the Beast""",Ariana Grande
I2I,Tevin Campbell
Confetti Falling,Big Time Rush
You Gotta Be,Des'ree
Can't Blame a Girl for Trying,Sabrina Carpenter
Eyes Wide Open,Sabrina Carpenter
"Wildside - From ""Adventures in Babysitting""",Sofia Carson
Can I Have This Dance,High School Musical Cast
Hold On,Wilson Phillips
Be My Baby,Bea Miller
Photograph (feat. Bea Miller),Boyce Avenue
Closer (feat. Sarah Hyland),Boyce Avenue
"Flashlight (Sweet Life Mix) - From ""Pitch Perfect 2"" Soundtrack",Hailee Steinfeld
From This Moment On,Shania Twain
You're Still The One,Shania Twain
Everywhere,Michelle Branch
Just The Girl,The Click Five
Pieces Of Me,Ashlee Simpson
She Looks So Perfect,5 Seconds of Summer
She's Kinda Hot,5 Seconds of Summer
Billie Jean,Michael Jackson
Beat It - Single Version,Michael Jackson
Black or White - Single Version,Michael Jackson
The Way You Make Me Feel,Michael Jackson
Man In The Mirror,Michael Jackson
P.Y.T. (Pretty Young Thing),Michael Jackson
Ultimate,Lindsay Lohan
If I Were a Boy,Beyoncé
With You,Chris Brown
Forever,Chris Brown
A Thousand Years,Christina Perri
Gave Me Something,Jess Glynne
Hold My Hand,Jess Glynne
"When Will My Life Begin - From ""Tangled""/Soundtrack Version",Mandy Moore
"I See the Light - From ""Tangled""/Soundtrack Version",Mandy Moore
Torn,Natalie Imbruglia
Ain't Nobody,Chaka Khan
Dreams,The Cranberries
I Knew I Loved You,Savage Garden
Un-Break My Heart,Toni Braxton
Breathe Again,Toni Braxton
You're Makin' Me High,Toni Braxton
My Little Secret,Xscape
One Of Those Love Songs,Xscape
Softest Place On Earth,Xscape
The Arms of the One Who Loves You,Xscape
He Wasn't Man Enough,Toni Braxton
Secret Love Song,Little Mix
I Can't Fall in Love Without You,Zara Larsson
Lost Boy,Ruth B.
Yesterday,Atmosphere
Honest,Joseph
When Will I Learn,Kina Grannis
Lady Brain,The Harmaleighs
Cleopatra,The Lumineers
Heavy,Birdtalker
Celeste,Ezra Vine
Don't Say,Lullanas
Like Home,Colin & Caroline
I Know,Sammy Brue
Adventurers,Holley Maher
Back to You,WILD
Memorial Day,The Accidentals
Fire,Majozi
I Keep Ticking On,The Harmaleighs
Automatic,Castro
Ohio - filous Remix,Damien Jurado
I Took A Pill In Ibiza - Seeb Remix,Mike Posner
Bath Salts,Travis Hayes
"Nocturne No.1 In B Flat Minor, Op.9 No.1",Frédéric Chopin
Semi-Charmed Life,Third Eye Blind
Mr. Jones,Counting Crows
Two Princes,Spin Doctors
Save Tonight,Eagle-Eye Cherry
Hey Jealousy,Gin Blossoms
Good,Better Than Ezra
If You Could Only See,Tonic
You Get What You Give,New Radicals
Why I'm Here,Oleander
Lump,The Presidents Of The United States Of America
Someday - Remastered,Sugar Ray
All I Want,Toad The Wet Sprocket
Push,Matchbox Twenty
What's Up?,4 Non Blondes
Absolutely (Story of a Girl) - Radio Mix,Nine Days
Roll To Me,Del Amitri
Hey Leonardo (She Likes Me For Me),Blessid Union Of Souls
Inside Out,Eve 6
Blister in the Sun - 2002 Remastered Version,Violent Femmes
Cannonball,The Breeders
Iris,The Goo Goo Dolls
Into Your Arms,The Lemonheads
Mmm Mmm Mmm Mmm,Crash Test Dummies
Hollaback Girl,Gwen Stefani
SexyBack,Justin Timberlake
I Gotta Feeling,The Black Eyed Peas
...Baby One More Time,Britney Spears
Genie In A Bottle (Album Version),Christina Aguilera
Fantasy,Mariah Carey
No Scrubs,TLC
Drive,Incubus
My Own Worst Enemy,Lit
Wannabe - Radio Edit,Spice Girls
Tearin' up My Heart - Radio Edit,*NSYNC
I Try,Macy Gray
Ironic,Alanis Morissette
Learn to Fly,Foo Fighters
Smooth,Santana
I Want It That Way,Backstreet Boys
Truly Madly Deeply,Savage Garden
(You Drive Me) Crazy,Britney Spears
Pretty Fly (For a White Guy),The Offspring
Everybody (Backstreet's Back) - Radio Edit,Backstreet Boys
Remember the Time,Michael Jackson
Meet Virginia,Train
Last Kiss,Pearl Jam
Jump,Kris Kross
"Girls, Girls, Girls",Mötley Crüe
Don't Stop Me Now - Remastered 2011,Queen
Coming Around Again,Carly Simon
Hips Don't Lie,Shakira
Don't Cha,The Pussycat Dolls
Every time we touch,Cascada
Where Is The Love?,The Black Eyed Peas
Don't Stop The Music,Rihanna
Survivor,Destiny's Child
Last Friday Night (T.G.I.F.),Katy Perry
"Whenever, Wherever",Shakira
Poker Face,Lady Gaga
Complicated,Avril Lavigne
Das Lied Der Schluempfe,Vader Abraham
Because We Want To,Billie Piper
Cheeky Song (Touch My Bum),The Cheeky Girls
Agadoo - original,Black Lace
Achy Breaky Heart,Billy Ray Cyrus
Jenny from the Block - Track Masters Remix,Jennifer Lopez
Look At Me,Geri Halliwell
(Everything I Do) I Do It For You,Bryan Adams
Against All Odds (Take a Look at Me Now),Mariah Carey
Anyone Can Fall In Love,Anita Dobson
There's No One Quite Like Grandma - 2003 Remastered Version,St. Winifred's School Choir
Earth Song - Remastered Version,Michael Jackson
The Lady In Red,Chris de Burgh
"My Heart Will Go On (Love Theme from ""Titanic"")",Céline Dion
Can I Touch You...There?,Michael Bolton
Lucky,Britney Spears
Believe,Cher
Macarena,Los Del Rio
Boys,Sabrina
Shaddap You Face,Joe Dolce
Ice Ice Baby,Vanilla Ice
Touch Me (I Want Your Body),Samantha Fox
Grandad,Clive Dunn
Puppy Love,Donny Osmond
Girl You Know It's True,Milli Vanilli
Mysterious Girl,Peter Andre
Every Loser Wins,Nick Berry
MMMBop,Hanson
I'd Do Anything For Love (But I Won't Do That),Meat Loaf
"To Roz Bikini (Itsy, Bitsy, Teenie, Weenie)",Polina
Hoochie Mama,2 LIVE CREW
Rockstar,Nickelback
Miracles,Insane Clown Posse
Fuck You Bitch,Wheeler Walker Jr.
Fog On the Tyne,Lindisfarne
Cha Cha Slide,Mr. C
How You Remind Me - LP Mix,Nickelback
Burn It To The Ground,Nickelback
If Today Was Your Last Day,Nickelback
When We Stand Together,Nickelback
Fuck Kd,StaRR Lyfe
Now I Do What I Want,Lil Zay Poppin
300 Violin Orchestra,Jorge Quintero
Shape of You (Major Lazer Remix) [feat. Nyla & Kranium],Ed Sheeran
Party Monster,The Weeknd
U got 2 believe,Paulo Mendonca
Sah,Al Massrieen
Oh Devil,Electric Guest
Shut Up and Dance,WALK THE MOON
Anna Sun,WALK THE MOON
Work This Body,WALK THE MOON
Tightrope,WALK THE MOON
Different Colors,WALK THE MOON
Avalanche,WALK THE MOON
Jenny,WALK THE MOON
Portugal,WALK THE MOON
Quesadilla,WALK THE MOON
Aquaman,WALK THE MOON
Paris - Pegboard Nerds Remix,The Chainsmokers
Quit You - Wuki Remix,Lost Kings
Don't Let Me Down - Zomboy Remix,The Chainsmokers
Faded - Slushii Remix,Alan Walker
Can't Get Enough - Pegboard Nerds Remix,Tommie Sunshine
Light - Loosid Remix,San Holo
Something Just Like This - ARMNHMR Remix,The Chainsmokers
Without U,Steve Aoki
Hold Up,Borgeous
Phone Down - Dodge & Fuski Remix,Lost Kings
Spoon Me - Slushii Remix,Elliphant
Scared To Be Lonely (Conro Remix),Martin Garrix
Let It Go - Scott Melker & Mister Gray Remix,NERVO
"Call On Me - EDWYNN X TIKAL, Spirix Remix",Starley
Aamon,Kuuro
Hey Baby - Steve Aoki Remix,Dimitri Vegas & Like Mike
Brightside - Borgeous Remix,Icona Pop
Like A Bitch - Kill The Noise Remix,Kill The Noise
Candy,Dillon Francis
Habit - Dack Janiels & Wenzday Remix,Rain Man
First Contact,Twin Moons
I Wanna Get Better,Bleachers
